Data Source;World Development Indicators;;;;;;;;;;;;;;;;;;;;;;;;;;;;;;;;;;;;;;;;;;;;;;;;;;;;;;;;;;;;;;;;;;
Last Updated Date;28.01.2025;;;;;;;;;;;;;;;;;;;;;;;;;;;;;;;;;;;;;;;;;;;;;;;;;;;;;;;;;;;;;;;;;;
;;;;;;;;;;;;;;;;;;;;;;;;;;;;;;;;;;;;;;;;;;;;;;;;;;;;;;;;;;;;;;;;;;;
Country Name;Country Code;Indicator Name;Indicator Code;1960;1961;1962;1963;1964;1965;1966;1967;1968;1969;1970;1971;1972;1973;1974;1975;1976;1977;1978;1979;1980;1981;1982;1983;1984;1985;1986;1987;1988;1989;1990;1991;1992;1993;1994;1995;1996;1997;1998;1999;2000;2001;2002;2003;2004;2005;2006;2007;2008;2009;2010;2011;2012;2013;2014;2015;2016;2017;2018;2019;2020;2021;2022;2023
Aruba;ABW;Nurses and midwives (per 1,000 people);SH.MED.NUMW.P3;;;;;;;;;;;;;;;;;;;;;;;;;;;;;;;;;;;;;;;;;;;;;;;;;;;;;;;;;;;;;;;;
Africa Eastern and Southern;AFE;Nurses and midwives (per 1,000 people);SH.MED.NUMW.P3;;;;;;;;;;;;;;;;;;;;;;;;;;;;;;;;;;;;;;;;;;;;;;;;;;;0,640135676;;;;;;;;;;;1,040759158;;
Afghanistan;AFG;Nurses and midwives (per 1,000 people);SH.MED.NUMW.P3;;;;;;;;;;;;;;;;;;;;;;;;;;;;;;;;;;;;;;;;;;;;;;0,612;0,457;0,519;0,521;0,63;;;;0,255;0,151;0,133;0,151;0,179;0,452;;;;;
Africa Western and Central;AFW;Nurses and midwives (per 1,000 people);SH.MED.NUMW.P3;;;;;;;;;;;;;;;;;;;;;;;;;;;;;;;;;;;;;;;;;;;;;;;;;;;0,899706819;;;;;;;;;;;1,308338118;;
Angola;AGO;Nurses and midwives (per 1,000 people);SH.MED.NUMW.P3;;;;;;;;;;;;;;;;;;;;;;;;;;;;;;;;;;;;;;0,916;;;;;;;0,985;;;;;1,315;;;;;;;;;0,401;;;;1,265;
Albania;ALB;Nurses and midwives (per 1,000 people);SH.MED.NUMW.P3;;;;;;;;;;;;;;;;;;;;;;;;;;;;;;;4,487;;;4,791;4,921;4,359;4,367;4,39;3,939;3,968;3,95;3,803;3,672;3,633;3,636;3,672;4,244;4,283;;4,25;4,066;4,216;4,453;4,314;;;3,656;;;5,1;5,831;;;
Andorra;AND;Nurses and midwives (per 1,000 people);SH.MED.NUMW.P3;;;;;;;;;;;;;;;;;;;;;;;;;;;;;;;;;;;;2,496;;2,689;2,868;3,105;3,283;3,156;3,093;2,909;2,887;3,333;3,229;3,581;;4,208;;;;;;4,365;;;;;;;;
Arab World;ARB;Nurses and midwives (per 1,000 people);SH.MED.NUMW.P3;;;;;;;;;;;;;;;;;;;;;;;;;;;;;;;;;;;;;;;;;;;;;;;;;;;;;;;;;;;;;;2,094260473;;
United Arab Emirates;ARE;Nurses and midwives (per 1,000 people);SH.MED.NUMW.P3;;;;;;;;;;;;;;;;;;;;;;;;;;;;;;;2,725;3,696;3,882;3,724;3,652;3,553;3,518;3,454;4,207;3,486;3,254;3,555;3,636;3,85;3,415;3,215;3,029;3,131;2,859;2,897;2,674;2,98;3,175;3,511;4,128;5,176;5,757;5,945;6,035;6,095;6,357;6,385;;
Argentina;ARG;Nurses and midwives (per 1,000 people);SH.MED.NUMW.P3;;;;;;;;;;;;;;;;;;;;;;;;;;;;;;;;;2,056;;2,146;;;;0,8;;;0,4453;;;0,4854;;;;;;;;;4,2463;;;2,573;2,593;;;5,447;;4,354;
Armenia;ARM;Nurses and midwives (per 1,000 people);SH.MED.NUMW.P3;;;;;;;;;;;;;;;;;;;;;;;;;;;;;;;;;;;;;;;;;5,725;5,309;5,012;4,832;4,758;4,881;4,997;5,019;5,066;5,047;5,117;5,204;5,234;5,194;5,195;5,034;5,049;5,006;4,726;4,826;;;;
American Samoa;ASM;Nurses and midwives (per 1,000 people);SH.MED.NUMW.P3;;;;;;;;;;;;;;;;;;;;;;;;;;;;;;;;;;;;;;;;;;;;;;;;;;;;;;;;;;;;;;;;
Antigua and Barbuda;ATG;Nurses and midwives (per 1,000 people);SH.MED.NUMW.P3;;;;;;;;;;;;;;;;;;;;;;;;;;;;;;;;;;;;;;;;3,157;;;;;;;;3,378;;;;;;4,757;4,866;4,694;4,68;4,709;4,749;9,577;;;;
Australia;AUS;Nurses and midwives (per 1,000 people);SH.MED.NUMW.P3;;;;;;;;;;;;;;;;;;;;;;;;;;;;;;;11,64;12,09;11,58;11,1;11,5;10,84;11,44;10,42;10,3;10,18;10,07;10,57;9,954;9,949;10,21;9,766;;10,2;10,3;10,79;10,47;10,9;10,22;12,01;12,18;12,26;12,44;12,76;12,98;13,26;13,29;13,71;;
Austria;AUT;Nurses and midwives (per 1,000 people);SH.MED.NUMW.P3;;;;;;;;;;;;;;;;;;;;;;;;;;;;;;;4,049;4,165;4,346;4,595;4,922;5,129;5,248;5,374;5,46;5,61;5,736;5,783;5,883;5,889;6,13;6,199;6,355;6,427;6,579;6,697;6,759;6,857;6,888;6,936;7,037;7,043;7,027;7,108;7,13;10,66;10,77;10,93;;
Azerbaijan;AZE;Nurses and midwives (per 1,000 people);SH.MED.NUMW.P3;;;;;;;;;;;;;;;;;;;;;;;;;;;;;;;10,9;11,01;10,62;10,69;10,36;10,01;9,75;9,325;8,924;8,828;8,59;8,463;8,258;8,193;8,089;8,13;8,132;8,091;8;7,934;7,188;6,801;6,642;6,484;6,278;6,08;5,896;5,654;5,732;5,843;5,719;;;
Burundi;BDI;Nurses and midwives (per 1,000 people);SH.MED.NUMW.P3;;;;;;;;;;;;;;;;;;;;;;;;;;;;;;;;;;;;;;;;;;;;;0,189;;;;;;0,655;0,632;0,664;0,651;0,652;0,631;;0,828;0,797;0,644;0,631;0,758;;
Belgium;BEL;Nurses and midwives (per 1,000 people);SH.MED.NUMW.P3;;;;;;;;;;;;;;;;;;;;;;;;;;;;;;;;;;;;;;;;;;;;5,829;9,202;9,431;9,565;9,693;9,803;9,935;10,15;10,45;10,68;10,96;11,24;11,85;12,02;11,9;11,77;19,35;20,13;20,53;20,89;
Benin;BEN;Nurses and midwives (per 1,000 people);SH.MED.NUMW.P3;;;;;;;;;;;;;;;;;;;;;;;;;;;;;;;;;;;;;;;;;;;;;0,733;;;;0,8;;0,44;0,413;0,661;0,565;;;0,733;;0,374;0,291;;0,582;0,595;
Burkina Faso;BFA;Nurses and midwives (per 1,000 people);SH.MED.NUMW.P3;;;;;;;;;;;;;;;;;;;;;;;;;;;;;;;;;;;;;;;;;;;;;0,488;;;;0,358;0,391;0,536;0,442;0,611;0,442;0,446;0,648;0,637;0,854;;0,899;0,914;0,916;1,026;
Bangladesh;BGD;Nurses and midwives (per 1,000 people);SH.MED.NUMW.P3;;;;;;;;;;;;;;;;;;;;;;;;;;;;;;;;;;;;;;;;;;;;0,272;;0,28;0,281;0,161;0,161;0,171;0,182;0,192;0,205;0,208;0,254;0,272;0,261;0,312;0,391;0,386;0,481;0,613;;
Bulgaria;BGR;Nurses and midwives (per 1,000 people);SH.MED.NUMW.P3;;;;;;;;;;;;;;;;;;;;;;;;;;;;;;;6,998;6,619;6,605;6,845;6,726;6,805;6,865;6,414;6,457;6,217;4,398;4,143;4,005;4,181;4,219;4,439;4,51;4,618;4,645;4,617;4,614;4,624;4,721;4,808;4,772;4,743;4,724;4,756;4,741;4,795;4,644;4,659;;
Bahrain;BHR;Nurses and midwives (per 1,000 people);SH.MED.NUMW.P3;;;;;;;;;;;;;;;;;;;;;;;;;;;;;;;;;;;;;;;;;2,785;2,966;2,821;2,827;;2,649;2,683;;2,572;2,535;2,515;2,633;2,632;2,61;2,54;2,512;2,346;;;;;;;
Bahamas, The;BHS;Nurses and midwives (per 1,000 people);SH.MED.NUMW.P3;;;;;;;;;;;;;;;;;;;;;;;;;;;;;;;;;;;;;;;4,195;;;;;;;;;;3,834;;;3,857;;;;;;;4,382;;;;;
Bosnia and Herzegovina;BIH;Nurses and midwives (per 1,000 people);SH.MED.NUMW.P3;;;;;;;;;;;;;;;;;;;;;;;;;;;;;;;5,01;4,873;;;;;;;;4,069;4,011;3,936;3,999;4,347;4,37;4,477;4,583;4,715;4,941;5,115;5,335;5,486;5,781;5,778;5,979;6,013;5,64;5,729;5,919;6,396;;;;
Belarus;BLR;Nurses and midwives (per 1,000 people);SH.MED.NUMW.P3;;;;;;;;;;;;;;;;;;;;;;;;;;;;;;;7,322;6,946;7,159;7,497;7,198;7,591;7,654;7,737;9,07;9,291;9,302;9,404;9,515;9,409;9,549;9,665;9,722;9,746;10,01;10,15;10,28;10,29;10,6;10,55;10,69;10,71;10,65;10,67;10,7;10,64;10,52;;;
Belize;BLZ;Nurses and midwives (per 1,000 people);SH.MED.NUMW.P3;;;;;;;;;;;;;;;;;;;;;;;;;;;;;;;;;;;;;;;;;1,26;;;;;;;;;1,814;;;1,107;1,961;2,03;2,101;2,151;2,399;2,348;;;;;
Bermuda;BMU;Nurses and midwives (per 1,000 people);SH.MED.NUMW.P3;;;;;;;;;;;;;;;;;;;;;;;;;;;;;;;;;;;;;;;;;;;;;;;;;;;;;;;;;;;;;;;;
Bolivia;BOL;Nurses and midwives (per 1,000 people);SH.MED.NUMW.P3;;;;;;;;;;;;;;;;;;;;;;;;;;;;;;;;;;;;;;;;;;2,069;;;;;;0,599;;;0,818;0,975;;;;1,168;1,095;1,526;;1,383;1,451;1,605;;
Brazil;BRA;Nurses and midwives (per 1,000 people);SH.MED.NUMW.P3;;;;;;;;;;;;;;;;;;;;;;;;;;;;;;;0,939;;1,133;1,252;1,403;1,562;1,829;2,039;2,258;2,525;3,748;2,973;3,359;3,643;3,714;;;;;;;;;7,538;8,758;9,076;9,32;9,706;10,09;7,375;;5,513;;
Barbados;BRB;Nurses and midwives (per 1,000 people);SH.MED.NUMW.P3;;;;;;;;;;;;;;;;;;;;;;;;;;;;;;;;;;;;5,185;;;;;5,977;5,953;;;;4,865;;;;;;;;;;;;;3,136;;;;;
Brunei Darussalam;BRN;Nurses and midwives (per 1,000 people);SH.MED.NUMW.P3;;;;;;;;;;;;;;;;;;;;;;;;;;;;;;;;;;;;;;;;;3,881;;6,101;;5,34;5,47;5,284;5,057;5,047;5,037;7,339;7,816;8,148;7,399;6,192;6,54;6,378;6,017;6,535;;;6,711;;
Bhutan;BTN;Nurses and midwives (per 1,000 people);SH.MED.NUMW.P3;;;;;;;;;;;;;;;;;;;;;;;;;;;;;;;;;;;;;;;;;;;;;0,792;;;0,8;0,966;;;;1,021;1,096;1,3;1,44;1,506;1,612;1,833;1,819;2,075;2,21;2,047;
Botswana;BWA;Nurses and midwives (per 1,000 people);SH.MED.NUMW.P3;;;;;;;;;;;;;;;;;;;;;;;;;;;;;;;;;;;;;;;2,576;2,951;2,501;2,267;2,31;2,436;2,557;2,361;2,596;2,931;2,798;2,839;2,781;2,725;2,674;;;;3,778;;3,119;3,106;3,052;3,047;3,052;
Central African Republic;CAF;Nurses and midwives (per 1,000 people);SH.MED.NUMW.P3;;;;;;;;;;;;;;;;;;;;;;;;;;;;;;;;;;;;;;;;;;;;;0,392;;;;0,187;0,24;;;;;;0,192;;;0,235;;;0,191;;
Canada;CAN;Nurses and midwives (per 1,000 people);SH.MED.NUMW.P3;;;;;;;;;;;;;;;;;;;;;;;;;;;;;;;11,12;11,24;11,21;11,11;10,94;10,7;10,39;10,23;10,01;9,929;9,967;9,844;9,47;8,526;8,529;8,752;8,869;9,069;9,187;9,355;9,406;9,323;9,435;9,575;9,854;9,935;9,993;10,04;9,997;10,05;10,16;10,27;10,31;
Central Europe and the Baltics;CEB;Nurses and midwives (per 1,000 people);SH.MED.NUMW.P3;;;;;;;;;;;;;;;;;;;;;;;;;;;;;;;6,501343167;;;;;;;;;;5,805889884;;;;;;;;;;6,155539673;;;;;;;;;;;6,971942771;;
Switzerland;CHE;Nurses and midwives (per 1,000 people);SH.MED.NUMW.P3;;;;;;;;;;;;;;;;;;;;;;;;;;;;;;;;;;;;;;;;;11,88;11,91;12,32;12,86;12,74;12,93;13,35;13,61;13,89;14,17;14,93;15,46;15,88;16,22;16,46;16,89;17,34;17,54;17,92;18,29;18,71;18,76;;
Channel Islands;CHI;Nurses and midwives (per 1,000 people);SH.MED.NUMW.P3;;;;;;;;;;;;;;;;;;;;;;;;;;;;;;;;;;;;;;;;;;;;;;;;;;;;;;;;;;;;;;;;
Chile;CHL;Nurses and midwives (per 1,000 people);SH.MED.NUMW.P3;;;;;;;;;;;;;;;;;;;;;;;;;;;;;;;;;;;;;;;;;;;;;;;;;;;1,271;1,543;1,855;2,174;9,403;10,9;11,28;12,4;13,34;3,666;4,306;4,601;4,968;
China;CHN;Nurses and midwives (per 1,000 people);SH.MED.NUMW.P3;;;;;;;;;;;;;;;;;;;;;;;;;;;;;;;0,845;;;;;0,924;0,947;0,968;0,978;0,992;1,002;1,011;0,973;0,982;1,009;1,034;1,086;1,18;1,262;1,385;1,519;1,654;1,827;2,023;2,169;2,326;2,502;2,697;2,892;3,126;3,305;3,52;;
Cote d'Ivoire;CIV;Nurses and midwives (per 1,000 people);SH.MED.NUMW.P3;;;;;;;;;;;;;;;;;;;;;;;;;;;;;;;;;;;;;;;;;;;;;0,549;0,474;;;0,456;;;0,451;;0,562;0,616;0,462;0,501;0,547;0,595;0,645;0,736;0,726;0,796;
Cameroon;CMR;Nurses and midwives (per 1,000 people);SH.MED.NUMW.P3;;;;;;;;;;;;;;;;;;;;;;;;;;;;;;;;;;;;;;;;;;;;;1,549;0,388;;0,451;;0,395;0,539;0,937;;;;;;;0,365;;0,481;0,193;0,65;
Congo, Dem. Rep.;COD;Nurses and midwives (per 1,000 people);SH.MED.NUMW.P3;;;;;;;;;;;;;;;;;;;;;;;;;;;;;;;;;;;;;;;;;;;;;0,529;;;;;0,398;;;;0,835;;0,919;0,573;0,867;1,072;1,08;;1,083;1,191;
Congo, Rep.;COG;Nurses and midwives (per 1,000 people);SH.MED.NUMW.P3;;;;;;;;;;;;;;;;;;;;;;;;;;;;;;;;;;;;;;;;;;;;;1,036;;1,377;0,883;;;0,421;1,716;;0,947;0,699;0,761;0,894;;0,934;;;;1,085;
Colombia;COL;Nurses and midwives (per 1,000 people);SH.MED.NUMW.P3;;;;;;;;;;;;;;;;;;;;;;;;;;;;;;;0,332;0,347;0,361;0,375;0,39;0,404;0,419;0,43;0,456;0,475;0,502;0,536;0,568;0,597;0,635;0,677;0,717;0,753;0,801;0,85;0,896;0,951;1,015;1,075;1,136;1,197;1,281;1,314;1,343;1,367;1,405;1,449;;
Comoros;COM;Nurses and midwives (per 1,000 people);SH.MED.NUMW.P3;;;;;;;;;;;;;;;;;;;;;;;;;;;;;;;;;;;;;;;;;;;;;1,012;0,58;;;;0,736;;;;;;;;;1,498;;1,574;;;
Cabo Verde;CPV;Nurses and midwives (per 1,000 people);SH.MED.NUMW.P3;;;;;;;;;;;;;;;;;;;;;;;;;;;;;;;;;;;;;;;;;;;;;0,874;;;;;0,962;1,042;1,029;1,032;0,746;0,872;0,902;1,096;1,218;1,236;;;;1,587;
Costa Rica;CRI;Nurses and midwives (per 1,000 people);SH.MED.NUMW.P3;;;;;;;;;;;;;;;;;;;;;;;;;;;;;;;0,861;0,859;0,877;0,887;0,894;0,9;0,929;0,959;1,032;1,07;1,171;1,26;1,286;1,365;1,419;1,444;1,505;1,567;1,648;1,747;1,845;1,904;2,011;2,144;2,37;4,768;5,102;5,524;5,612;5,727;6,022;6,078;6,025;
Caribbean small states;CSS;Nurses and midwives (per 1,000 people);SH.MED.NUMW.P3;;;;;;;;;;;;;;;;;;;;;;;;;;;;;;;;;;;;;;;;;2,961713842;;;;;;;;;;2,226591503;;;;;;;;;;;3,764730323;;
Cuba;CUB;Nurses and midwives (per 1,000 people);SH.MED.NUMW.P3;;;;;;;;;;;;;;;;;;;;;;;;;;;;;;;;;;;;;;;;;;;7,509;;;;;8,678;;;9,124;;8,147;8,07;8,011;7,937;7,853;7,731;7,568;;;;;
Curacao;CUW;Nurses and midwives (per 1,000 people);SH.MED.NUMW.P3;;;;;;;;;;;;;;;;;;;;;;;;;;;;;;;;;;;;;;;;;;;;;;;;;;;;;;;;;;;;;;;;
Cayman Islands;CYM;Nurses and midwives (per 1,000 people);SH.MED.NUMW.P3;;;;;;;;;;;;;;;;;;;;;;;;;;;;;;;;;;;;;;;;;;;;;;;;;;;;;;;;;;;7,334;;;;;
Cyprus;CYP;Nurses and midwives (per 1,000 people);SH.MED.NUMW.P3;;;;;;;;;;;;;;;;;;;;;;;;;;;;;;;3,143;3,099;3,115;3,213;3,228;3,271;3,238;3,232;3,211;3,167;3,091;3,071;3,048;3,068;3,187;2,985;3,295;3,343;3,267;3,425;3,493;3,622;3,55;3,788;3,831;3,945;3,961;4,065;4,109;4,161;;4,628;;
Czechia;CZE;Nurses and midwives (per 1,000 people);SH.MED.NUMW.P3;;;;;;;;;;;;;;;;;;;;;;;;;;;;;;;7,801;7,749;7,785;7,749;7,745;7,91;7,862;7,83;7,815;7,856;8,082;8,319;8,443;8,407;8,487;8,478;8,432;8,415;8,389;8,528;8,527;8,461;8,483;8,41;8,347;8,433;8,331;8,928;8,989;9,063;9,203;9,356;;
Germany;DEU;Nurses and midwives (per 1,000 people);SH.MED.NUMW.P3;;;;;;;;;;;;;;;;;;;;;;;;;;;;;;;;;;;;;;;;;8,853;8,956;9,086;9,294;9,389;9,555;9,646;9,78;9,936;10,13;10,18;10,27;10,33;10,68;10,88;10,95;11,15;11,38;11,81;12,09;12,35;12,3;;
Djibouti;DJI;Nurses and midwives (per 1,000 people);SH.MED.NUMW.P3;;;;;;;;;;;;;;;;;;;;;;;;;;;;;;;;;;;;;;;;0,685;;;0,697;;0,362;0,542;;;;;;;;;0,662;;;;;;;;;
Dominica;DMA;Nurses and midwives (per 1,000 people);SH.MED.NUMW.P3;;;;;;;;;;;;;;;;;;;;;;;;;;;;;;;;;;;;;;4,588;;;;6,422;;;;;;;;;;;;6,817;6,931;6,814;6,805;6,193;6,511;;;;;
Denmark;DNK;Nurses and midwives (per 1,000 people);SH.MED.NUMW.P3;;;;;;;;;;;;;;;;;;;;;;;;;;;;;;;12,1;12,41;8,893;8,972;8,908;8,946;9,041;9,292;9,403;9,361;9,542;9,574;9,683;9,518;9,666;9,802;9,766;9,523;9,808;10,07;10,11;10,16;10,25;10,26;10,25;10,26;10,33;10,43;10,51;10,54;10,64;;;
Dominican Republic;DOM;Nurses and midwives (per 1,000 people);SH.MED.NUMW.P3;;;;;;;;;;;;;;;;;;;;;;;;;;;;;;;;;;;;;;;;;1,798;;;;;;;;;1,315;;1,35;;1,24;1,249;1,248;1,104;1,125;1,292;1,44;1,893;2,018;2,078;
Algeria;DZA;Nurses and midwives (per 1,000 people);SH.MED.NUMW.P3;;;;;;;;;;;;;;;;;;;;;;;;;;;;;;;;;;;;;;;;;;;2,206;;;;;1,94;;;;;;;;;2,255;2,237;1,559;0,316;;;;
East Asia & Pacific (excluding high income);EAP;Nurses and midwives (per 1,000 people);SH.MED.NUMW.P3;;;;;;;;;;;;;;;;;;;;;;;;;;;;;;;0,810689891;;;;;;;;;;1,183312277;;;;;;;;;;1,792499959;;;;;;;;;;;3,465263326;;
Early-demographic dividend;EAR;Nurses and midwives (per 1,000 people);SH.MED.NUMW.P3;;;;;;;;;;;;;;;;;;;;;;;;;;;;;;;;;;;;;;;;;1,552303374;;;;;;;;;;;;;;;;;;;;;2,088855979;;
East Asia & Pacific;EAS;Nurses and midwives (per 1,000 people);SH.MED.NUMW.P3;;;;;;;;;;;;;;;;;;;;;;;;;;;;;;;1,403552499;;;;;;;;;;1,902817615;;;;;;;;;;2,560260176;;;;;;;;;;;4,217975961;;
Europe & Central Asia (excluding high income);ECA;Nurses and midwives (per 1,000 people);SH.MED.NUMW.P3;;;;;;;;;;;;;;;;;;;;;;;;;;;;;;;;;;;;;;;;;5,542071418;;;;;;;;;;5,895585331;;;;;;;;;;;5,009293051;;
Europe & Central Asia;ECS;Nurses and midwives (per 1,000 people);SH.MED.NUMW.P3;;;;;;;;;;;;;;;;;;;;;;;;;;;;;;;;;;;;;;;;;6,826453563;;;;;;;;;;7,466296962;;;;;;;;;;;7,958058597;;
Ecuador;ECU;Nurses and midwives (per 1,000 people);SH.MED.NUMW.P3;;;;;;;;;;;;;;;;;;;;;;;;;;;;;;;1,565;1,632;1,657;1,421;1,619;1,589;1,689;1,702;1,633;1,657;1,63;1,592;1,636;1,532;;;;;;1,883;1,662;2,076;;1,944;2,192;2,515;2,863;2,842;2,516;;;;;
Egypt, Arab Rep.;EGY;Nurses and midwives (per 1,000 people);SH.MED.NUMW.P3;;;;;;;;;;;;;;;;;;;;;;;;;;;;;;;;;;;;;;;;;;;;;1,893;;2,227;;;;;;;1,869;1,849;1,836;1,822;1,826;1,827;;;;;
Euro area;EMU;Nurses and midwives (per 1,000 people);SH.MED.NUMW.P3;;;;;;;;;;;;;;;;;;;;;;;;;;;;;;;;;;;;;;;;;7,026645071;;;;;;;;;;8,046614123;;;;;;;;;;;9,854043185;;
Eritrea;ERI;Nurses and midwives (per 1,000 people);SH.MED.NUMW.P3;;;;;;;;;;;;;;;;;;;;;;;;;;;;;;;;;;;;;;;;;;;;;0,907;;;;;;;;;1,293;1,243;1,186;1,444;1,333;1,443;;;1,312;1,377;
Spain;ESP;Nurses and midwives (per 1,000 people);SH.MED.NUMW.P3;;;;;;;;;;;;;;;;;;;;;;;;;;;;;;;2,845;4,136;4,206;4,259;4,239;4,323;3,408;3,485;3,469;3,518;3,682;4,022;4,228;4,442;4,453;4,514;4,609;4,759;4,978;5,113;5,313;5,386;5,416;5,323;5,334;5,472;5,705;5,931;6,05;6,077;6,29;6,537;;
Estonia;EST;Nurses and midwives (per 1,000 people);SH.MED.NUMW.P3;;;;;;;;;;;;;;;;;;;;;;;;;;;;;;;8,792;7,108;6,942;6,96;6,861;6,848;6,633;6,475;6,417;6,332;6,199;6,126;6,32;6,431;6,543;6,581;6,613;6,702;6,716;6,448;6,402;6,527;6,46;5,963;6,081;6,355;6,436;6,537;6,636;6,601;7,212;6,87;;
Ethiopia;ETH;Nurses and midwives (per 1,000 people);SH.MED.NUMW.P3;;;;;;;;;;;;;;;;;;;;;;;;;;;;;;;;;;;;;;;;;;;;0,212;0,206;0,243;0,224;0,221;0,199;0,248;;;;;;;;0,815;0,701;;0,77;0,75;0,748;
European Union;EUU;Nurses and midwives (per 1,000 people);SH.MED.NUMW.P3;;;;;;;;;;;;;;;;;;;;;;;;;;;;;;;;;;;;;;;;;6,839999664;;;;;;;;;;7,764743339;;;;;;;;;;;9,347180156;;
Fragile and conflict affected situations;FCS;Nurses and midwives (per 1,000 people);SH.MED.NUMW.P3;;;;;;;;;;;;;;;;;;;;;;;;;;;;;;;;;;;;;;;;;;;;;;;;;;;1,298476029;;;;;;;;;;;1,213578406;;
Finland;FIN;Nurses and midwives (per 1,000 people);SH.MED.NUMW.P3;;;;;;;;;;;;;;;;;;;;;;;;;;;;;;;10,31;10,67;11,22;11,83;13,25;14,8;16,74;18,72;20,65;22,46;23,96;24,79;25,97;27,06;18,91;19,92;21,08;22,09;23;23,33;20,03;18,77;19,13;19,07;19,23;18,86;18,76;19;19,14;18,89;19,34;;;
Fiji;FJI;Nurses and midwives (per 1,000 people);SH.MED.NUMW.P3;;;;;;;;;;;;;;;;;;;;;;;;;;;;;;;;;;;;;;;;1,914;;;;1,934;;;;;1,99;2,171;;;;2,751;;2,858;;;3,245;3,837;;;;
France;FRA;Nurses and midwives (per 1,000 people);SH.MED.NUMW.P3;;;;;;;;;;;;;;;;;;;;;;;;;;;;;;;;;;;;;;;6,48;6,704;6,91;7,078;7,246;7,418;7,596;7,783;7,982;8,061;8,304;8,539;8,704;8,881;9,18;9,383;9,561;9,731;9,862;9,951;10,06;10,16;10,25;9,378;;
Faroe Islands;FRO;Nurses and midwives (per 1,000 people);SH.MED.NUMW.P3;;;;;;;;;;;;;;;;;;;;;;;;;;;;;;;;;;;;;;;;;;;;;;;;;;;;;;;;;;;;;;;;
Micronesia, Fed. Sts.;FSM;Nurses and midwives (per 1,000 people);SH.MED.NUMW.P3;;;;;;;;;;;;;;;;;;;;;;;;;;;;;;;;;;;;;;;;;3,8827;;;2,3408;;2,3446;;;2,6794;3,6058;3,319;;;;;;;;2,074;2,199;;;;
Gabon;GAB;Nurses and midwives (per 1,000 people);SH.MED.NUMW.P3;;;;;;;;;;;;;;;;;;;;;;;;;;;;;;;;;;;;;;;;;;;;;4,783;;;;;;;;;;;;2,449;2,842;2,776;2,371;2,68;;2,175;
United Kingdom;GBR;Nurses and midwives (per 1,000 people);SH.MED.NUMW.P3;;;;;;;;;;;;;;;;;;;;;;;;;;;;;;;;;;;;;;;;;8,607;8,818;9,121;9,361;9,511;9,634;9,482;9,146;9,165;8,995;8,893;8,682;8,415;8,407;8,406;8,38;8,356;8,307;8,538;8,688;8,962;9,167;9,151;
Georgia;GEO;Nurses and midwives (per 1,000 people);SH.MED.NUMW.P3;;;;;;;;;;;;;;;;;;;;;;;;;;;;;;;;;;;;;4,734;4,933;4,988;5,071;4,808;4,466;4,471;4,466;4,412;4,402;4,254;4,167;4,204;4,163;4,22;4,203;3,976;4,046;4,085;4,287;4,26;5,161;5,018;5,529;5,888;5,875;5,98;
Ghana;GHA;Nurses and midwives (per 1,000 people);SH.MED.NUMW.P3;;;;;;;;;;;;;;;;;;;;;;;;;;;;;;;;;;;;;;;;;;;;;0,9;;;;0,939;1,155;1,028;;;;1,327;1,931;2,039;2,255;4,39;2,616;3,496;3,42;3,789;
Gibraltar;GIB;Nurses and midwives (per 1,000 people);SH.MED.NUMW.P3;;;;;;;;;;;;;;;;;;;;;;;;;;;;;;;;;;;;;;;;;;;;;;;;;;;;;;;;;;;;;;;;
Guinea;GIN;Nurses and midwives (per 1,000 people);SH.MED.NUMW.P3;;;;;;;;;;;;;;;;;;;;;;;;;;;;;;;;;;;;;;;;;0,456;;;;0,492;;;;;;;;;;0,555;0,41;0,122;;0,573;;;;0,371;
Gambia, The;GMB;Nurses and midwives (per 1,000 people);SH.MED.NUMW.P3;;;;;;;;;;;;;;;;;;;;;;;;;;;;;;;;;;;;;;;;;;;;1,201;0,431;0,441;0,44;0,716;0,775;;;;1,158;;;1,43;;0,651;0,613;0,435;0,687;0,675;;
Guinea-Bissau;GNB;Nurses and midwives (per 1,000 people);SH.MED.NUMW.P3;;;;;;;;;;;;;;;;;;;;;;;;;;;;;;;;;;;;;;;;;;;;;0,796;;;;0,64;0,682;;0,546;;0,518;0,508;0,539;0,569;;0,387;;0,772;1,053;0,986;
Equatorial Guinea;GNQ;Nurses and midwives (per 1,000 people);SH.MED.NUMW.P3;;;;;;;;;;;;;;;;;;;;;;;;;;;;;;;;;;;;;;;;;;;;;0,328;;;;;;;;;;;;;0,437;0,27;;;;0,835;
Greece;GRC;Nurses and midwives (per 1,000 people);SH.MED.NUMW.P3;;;;;;;;;;;;;;;;;;;;;;;;;;;;;;;;;;;;;;;;2,788;2,896;3,11;3,461;3,485;3,478;3,525;3,448;3,447;3,502;3,612;3,714;3,741;3,608;3,553;3,484;3,453;3,509;3,591;3,663;3,698;3,997;4,086;;
Grenada;GRD;Nurses and midwives (per 1,000 people);SH.MED.NUMW.P3;;;;;;;;;;;;;;;;;;;;;;;;;;;;;;;;;;;;;;;;3,689;3,408;3,392;3,383;3,367;;;3,586;;;;;;;;;;;2,804;5,747;;;;;
Greenland;GRL;Nurses and midwives (per 1,000 people);SH.MED.NUMW.P3;;;;;;;;;;;;;;;;;;;;;;;;;;;;;;;;;;;;;;;;;;;;;;;;;;;;;;;;;;;;;;;;
Guatemala;GTM;Nurses and midwives (per 1,000 people);SH.MED.NUMW.P3;;;;;;;;;;;;;;;;;;;;;;;;;;;;;;;;;;;;;;;;;;;;;;;;;;0,873;;;;;0,956;0,98;1,022;1,227;1,313;;2,308;;;
Guam;GUM;Nurses and midwives (per 1,000 people);SH.MED.NUMW.P3;;;;;;;;;;;;;;;;;;;;;;;;;;;;;;;;;;;;;;;;;;;;;;;;;;;;;;;;;;;11,56;;;;;
Guyana;GUY;Nurses and midwives (per 1,000 people);SH.MED.NUMW.P3;;;;;;;;;;;;;;;;;;;;;;;;;;;;;;;;;;;;;;;;;2,29;;;;;;;;;1,316;1,008;;;0,728;0,638;0,709;0,744;0,799;1,031;2,657;3,483;;;
High income;HIC;Nurses and midwives (per 1,000 people);SH.MED.NUMW.P3;;;;;;;;;;;;;;;;;;;;;;;;;;;;;;;;;;;;;;;;;7,878865847;;;;;;;;;;8,626688453;;;;;;;;;;;9,820799123;;
Hong Kong SAR, China;HKG;Nurses and midwives (per 1,000 people);SH.MED.NUMW.P3;;;;;;;;;;;;;;;;;;;;;;;;;;;;;;;;;;;;;;;;;;;;;;;;;;;;;;6,913;7,17;7,422;7,656;7,886;8,176;;;;;
Honduras;HND;Nurses and midwives (per 1,000 people);SH.MED.NUMW.P3;;;;;;;;;;;;;;;;;;;;;;;;;;;;;;;;;;;;;;;;;1,281;;;;;1,031;;;;;0,846;;;0,686;0,664;0,65;0,718;0,716;0,713;;;;;
Heavily indebted poor countries (HIPC);HPC;Nurses and midwives (per 1,000 people);SH.MED.NUMW.P3;;;;;;;;;;;;;;;;;;;;;;;;;;;;;;;;;;;;;;;;;;;;;;;;;;;0,541387923;;;;;;;;;;;0,974030495;;
Croatia;HRV;Nurses and midwives (per 1,000 people);SH.MED.NUMW.P3;;;;;;;;;;;;;;;;;;;;;;;;;;;;;;;4,956;4,493;4,644;4,541;4,379;4,009;4,177;4,421;4,58;4,714;4,871;4,923;4,972;5,015;5,131;5,186;5,287;5,414;5,629;5,523;5,723;5,856;5,972;6,13;6,101;6,16;6,652;6,854;6,939;7,141;7,237;7,684;;
Haiti;HTI;Nurses and midwives (per 1,000 people);SH.MED.NUMW.P3;;;;;;;;;;;;;;;;;;;;;;;;;;;;;;;;;;;;;;;0,104;;;;;;;;;;;;;1,204;;;;0,286;;;0,402;;;;;
Hungary;HUN;Nurses and midwives (per 1,000 people);SH.MED.NUMW.P3;;;;;;;;;;;;;;;;;;;;;;;;;;;;;;;5,445;5,079;5,364;5,692;5,702;5,582;5,65;5,557;5,693;5,596;5,488;5,725;5,892;5,978;5,98;6,154;6,402;6,118;6,329;6,393;6,392;6,396;6,496;6,596;6,583;6,64;6,601;6,763;6,867;6,858;6,818;5,506;;
IBRD only;IBD;Nurses and midwives (per 1,000 people);SH.MED.NUMW.P3;;;;;;;;;;;;;;;;;;;;;;;;;;;;;;;1,261372252;;;;;;;;;;1,878260325;;;;;;;;;;;;;;;;;;;;;3,045290912;;
IDA & IBRD total;IBT;Nurses and midwives (per 1,000 people);SH.MED.NUMW.P3;;;;;;;;;;;;;;;;;;;;;;;;;;;;;;;1,313062078;;;;;;;;;;1,838904332;;;;;;;;;;;;;;;;;;;;;2,533051549;;
IDA total;IDA;Nurses and midwives (per 1,000 people);SH.MED.NUMW.P3;;;;;;;;;;;;;;;;;;;;;;;;;;;;;;;;;;;;;;;;;;;;;;;;;;;0,939986844;;;;;;;;;;;1,155120618;;
IDA blend;IDB;Nurses and midwives (per 1,000 people);SH.MED.NUMW.P3;;;;;;;;;;;;;;;;;;;;;;;;;;;;;;;;;;;;;;;;;;;;;;;;;;;1,46639731;;;;;;;;;;;1,295830224;;
Indonesia;IDN;Nurses and midwives (per 1,000 people);SH.MED.NUMW.P3;;;;;;;;;;;;;;;;;;;;;;;;;;;;;;;;;0,624;;;;;;;;;;;0,807;;;;;;;;;;;;1,296;;2,054;3,122;3,822;3,978;4,096;4,173;
IDA only;IDX;Nurses and midwives (per 1,000 people);SH.MED.NUMW.P3;;;;;;;;;;;;;;;;;;;;;;;;;;;;;;;;;;;;;;;;;;;;;;;;;;;0,6614918;;;;;;;;;;;1,083508161;;
Isle of Man;IMN;Nurses and midwives (per 1,000 people);SH.MED.NUMW.P3;;;;;;;;;;;;;;;;;;;;;;;;;;;;;;;;;;;;;;;;;;;;;;;;;;;;;;;;;;;;;;;;
India;IND;Nurses and midwives (per 1,000 people);SH.MED.NUMW.P3;;;;;;;;;;;;;;;;;;;;;;;;;;;;;;;;0,376;;;;;;;;;1,162;1,177;;1,238;1,252;1,283;;;;;;;;;;;;2,084;1,707;;1,728;;;
Not classified;INX;Nurses and midwives (per 1,000 people);SH.MED.NUMW.P3;;;;;;;;;;;;;;;;;;;;;;;;;;;;;;;;;;;;;;;;;;;;;;;;;;;;;;;;;;;;;;;;
Ireland;IRL;Nurses and midwives (per 1,000 people);SH.MED.NUMW.P3;;;;;;;;;;;;;;;;;;;;;;;;;;;;;;;;;;;11,58;12;12,43;12,95;13,21;13,69;14,08;14,9;15,43;14,9;12,45;12,33;12,66;13,76;13,67;13,03;13,55;13,5;13,08;12,65;12,27;12,44;11,66;14,48;12,97;15,6;18,43;13,73;14,34;
Iran, Islamic Rep.;IRN;Nurses and midwives (per 1,000 people);SH.MED.NUMW.P3;;;;;;;;;;;;;;;;;;;;;;;;;;;;;;;;;;;;;;;;;;;;;1,394;1,397;1,672;;;;;1,953;;;1,515;1,814;;2,51;1,984;;;;;
Iraq;IRQ;Nurses and midwives (per 1,000 people);SH.MED.NUMW.P3;;;;;;;;;;;;;;;;;;;;;;;;;;;;;;;;;;;;;;;;;;;;;;1,32;;1,049;;;;;;1,948;1,801;1,574;1,623;1,718;1,936;2,292;2,256;2,438;2,623;
Iceland;ISL;Nurses and midwives (per 1,000 people);SH.MED.NUMW.P3;;;;;;;;;;;;;;;;;;;;;;;;;;;;;;;13,26;13,26;13,22;13,48;13,58;13,09;13,09;13,84;14,25;14,14;13,98;13,9;13,98;14,37;14,44;14,74;14,49;14,77;15,66;16,06;15,32;15,68;15,95;16,26;16,14;16,27;15;15,29;15,47;16,15;16,33;15,8;15,95;
Israel;ISR;Nurses and midwives (per 1,000 people);SH.MED.NUMW.P3;;;;;;;;;;;;;;;;;;;;;;;;;;;;;;;;;;;;7,92;5,369;5,328;5,435;5,55;5,818;5,899;5,825;5,688;5,548;5,618;5,605;5,489;5,264;5,137;5,117;5,228;5,252;5,305;5,315;5,353;5,472;5,56;5,534;5,553;5,675;5,913;5,864;
Italy;ITA;Nurses and midwives (per 1,000 people);SH.MED.NUMW.P3;;;;;;;;;;;;;;;;;;;;;;;;;;;;;;;;;;;;;;;;;5,738;5,787;5,849;5,484;5,356;5,218;5,382;5,506;5,501;5,497;5,47;5,443;5,355;5,323;5,576;5,748;5,889;6,128;6,075;6,445;6,56;6,487;7,71;
Jamaica;JAM;Nurses and midwives (per 1,000 people);SH.MED.NUMW.P3;;;;;;;;;;;;;;;;;;;;;;;;;;;;;;;;;;;;;;;;;;;;1,65;;;;;1,081;;;;1,557;1,479;1,474;1,501;1,664;1,668;0,984;;;;;
Jordan;JOR;Nurses and midwives (per 1,000 people);SH.MED.NUMW.P3;;;;;;;;;;;;;;;;;;;;;;;;;;;;;;;;;;;;;;;2,867;2,965;3,079;3,082;2,845;3;3,289;3,069;3,261;2,916;2,923;3,557;3,702;;;3,802;3,539;;;3,219;2,688;3,16;;;;
Japan;JPN;Nurses and midwives (per 1,000 people);SH.MED.NUMW.P3;;;;;;;;;;;;;;;;;;;;;;;;;;;;;;;6,3729;;6,7448;;7,2509;;7,7699;;8,2161;;8,6546;;8,612;;8,971;;9,32;;9,774;;10,31;;10,74;;11,18;;11,59;;12,04;;12,45;;;
Kazakhstan;KAZ;Nurses and midwives (per 1,000 people);SH.MED.NUMW.P3;;;;;;;;;;;;;;;;;;;;;;;;;;;;;;;9,763;10,57;10,37;9,846;9,331;9,096;8,346;7,266;6,87;6,527;6,047;6,298;6,489;6,538;6,661;6,77;7,148;7,244;6,954;7,466;7,547;7,745;7,899;7,878;7,082;7,186;7,384;6,963;6,759;6,858;6,939;;;
Kenya;KEN;Nurses and midwives (per 1,000 people);SH.MED.NUMW.P3;;;;;;;;;;;;;;;;;;;;;;;;;;;;;;;;;;;;;;;;;;;;;0,464;;;;0,359;0,395;0,715;1,41;1,413;0,9;0,945;0,884;1,061;1,086;1,199;;;0,653;0,644;
Kyrgyz Republic;KGZ;Nurses and midwives (per 1,000 people);SH.MED.NUMW.P3;;;;;;;;;;;;;;;;;;;;;;;;;;;;;;;10,24;10,37;10,28;9,908;9,674;9,419;9,12;8,662;8,471;8,35;7,93;7,395;6,961;6,739;6,472;6,194;5,875;5,759;5,609;5,597;5,583;5,803;5,923;5,986;4,99;5;4,968;4,841;4,717;4,486;4,423;;;
Cambodia;KHM;Nurses and midwives (per 1,000 people);SH.MED.NUMW.P3;;;;;;;;;;;;;;;;;;;;;;;;;;;;;;;;;;;;;1,04;;1,002;;0,918;;;;;;;;0,842;0,851;0,853;0,871;0,923;0,947;0,966;0,593;0,726;0,709;0,695;1,025;;;;
Kiribati;KIR;Nurses and midwives (per 1,000 people);SH.MED.NUMW.P3;;;;;;;;;;;;;;;;;;;;;;;;;;;;;;;;;;;;;;;2,226;;;;;;2,703;;;;3,471;;3,741;3,749;;5,472;;;;;3,622;;;;;
St. Kitts and Nevis;KNA;Nurses and midwives (per 1,000 people);SH.MED.NUMW.P3;;;;;;;;;;;;;;;;;;;;;;;;;;;;;;;6,97;7,012;6,993;6,908;6;5,681;5,893;5,561;5,634;5,893;;6,391;;;;;;;;;;;;;;4,519;;;;;;;;
Korea, Rep.;KOR;Nurses and midwives (per 1,000 people);SH.MED.NUMW.P3;;;;;;;;;;;;;;;;;;;;;;;;;;;;;;;;;;;1,092;1,139;1,195;2,735;2,777;2,922;2,998;3,403;3,637;3,596;3,855;3,896;4,039;4,206;4,41;4,548;4,708;4,805;4,904;5,252;5,615;5,964;6,979;7,091;7,39;8,087;8,53;8,915;;
Kuwait;KWT;Nurses and midwives (per 1,000 people);SH.MED.NUMW.P3;;;;;;;;;;;;;;;;;;;;;;;;;;;;;;;;;;;;;;;;;;4,618;;;;;4,171;4,321;4,685;4,848;6,637;6,551;6,334;6,001;6,536;7,018;6,93;7,226;7,106;;4,587;;;
Latin America & Caribbean (excluding high income);LAC;Nurses and midwives (per 1,000 people);SH.MED.NUMW.P3;;;;;;;;;;;;;;;;;;;;;;;;;;;;;;;1,243690612;;;;;;;;;;2,648290472;;;;;;;;;;;;;;;;;;;;;3,738231617;;
Lao PDR;LAO;Nurses and midwives (per 1,000 people);SH.MED.NUMW.P3;;;;;;;;;;;;;;;;;;;;;;;;;;;;;;;;;;;;1,236;;;;;1,004;;;;0,971;0,978;;;;0,854;0,847;;0,858;0,95;1,269;1,212;1,255;1,203;1,181;;1,183;;;
Lebanon;LBN;Nurses and midwives (per 1,000 people);SH.MED.NUMW.P3;;;;;;;;;;;;;;;;;;;;;;;;;;;;;;;;;;;;;;;;;;0,947;;;;1,017;;1,441;;1,674;1,76;;;1,595;1,665;1,574;1,687;1,833;1,929;;;;;
Liberia;LBR;Nurses and midwives (per 1,000 people);SH.MED.NUMW.P3;;;;;;;;;;;;;;;;;;;;;;;;;;;;;;;;;;;;;;;;;;;;;0,332;;;;0,259;0,869;0,449;;;;;0,1013;;;0,645;0,551;0,646;0,492;0,794;
Libya;LBY;Nurses and midwives (per 1,000 people);SH.MED.NUMW.P3;;;;;;;;;;;;;;;;;;;;;;;;;;;;;;;;;;;;;;3,627;;;;;;;4,775;;;;5,377;6,758;;;;7,35;7,087;;;6,738;;;;;;
St. Lucia;LCA;Nurses and midwives (per 1,000 people);SH.MED.NUMW.P3;;;;;;;;;;;;;;;;;;;;;;;;;;;;;;;;;;;;;;;;2,091;;2,31;;3,037;2,284;1,971;;;;;;;;;;;;3,222;;;;;;
Latin America & Caribbean;LCN;Nurses and midwives (per 1,000 people);SH.MED.NUMW.P3;;;;;;;;;;;;;;;;;;;;;;;;;;;;;;;1,242550777;;;;;;;;;;2,555873589;;;;;;;;;;;;;;;;;;;;;3,719573079;;
Least developed countries: UN classification;LDC;Nurses and midwives (per 1,000 people);SH.MED.NUMW.P3;;;;;;;;;;;;;;;;;;;;;;;;;;;;;;;;;;;;;;;;;;;;;;;;;;;0,54412441;;;;;;;;;;;0,918190619;;
Low income;LIC;Nurses and midwives (per 1,000 people);SH.MED.NUMW.P3;;;;;;;;;;;;;;;;;;;;;;;;;;;;;;;;;;;;;;;;;;;;;;;;;;;0,73994712;;;;;;;;;;;1,015725689;;
Liechtenstein;LIE;Nurses and midwives (per 1,000 people);SH.MED.NUMW.P3;;;;;;;;;;;;;;;;;;;;;;;;;;;;;;;;;;;;;;;;;;;;;;;;;;;;;;;;;;;;;;;;
Sri Lanka;LKA;Nurses and midwives (per 1,000 people);SH.MED.NUMW.P3;;;;;;;;;;;;;;;;;;;;;;;;;;;;;;;0,742;0,807;0,873;1,036;0,969;1,089;0,76;0,749;0,788;0,753;1,192;0,835;1,06;;1,705;1,399;1,657;2,026;1,482;1,528;1,711;1,783;1,79;1,799;1,873;1,921;1,911;1,962;2,145;2,226;2,461;2,439;;
Lower middle income;LMC;Nurses and midwives (per 1,000 people);SH.MED.NUMW.P3;;;;;;;;;;;;;;;;;;;;;;;;;;;;;;;;;;;;;;;;;1,399103256;;;;;;;;;;;;;;;;;;;;;1,671999541;;
Low & middle income;LMY;Nurses and midwives (per 1,000 people);SH.MED.NUMW.P3;;;;;;;;;;;;;;;;;;;;;;;;;;;;;;;0,934571152;;;;;;;;;;1,56507926;;;;;;;;;;;;;;;;;;;;;2,413054787;;
Lesotho;LSO;Nurses and midwives (per 1,000 people);SH.MED.NUMW.P3;;;;;;;;;;;;;;;;;;;;;;;;;;;;;;;;;;;;;;;;;;;;0,564;;;;;;;0,657;;;;;;;;3,124;;;;;
Late-demographic dividend;LTE;Nurses and midwives (per 1,000 people);SH.MED.NUMW.P3;;;;;;;;;;;;;;;;;;;;;;;;;;;;;;;1,710592847;;;;;;;;;;2,055943687;;;;;;;;;;2,34647175;;;;;;;;;;;3,897740718;;
Lithuania;LTU;Nurses and midwives (per 1,000 people);SH.MED.NUMW.P3;;;;;;;;;;;;;;;;;;;;;;;;;;;;;;;10,73;9,23;9,198;9,076;9,179;9,146;9,172;8,988;8,911;8,092;7,801;7,761;7,633;7,534;7,469;7,489;7,555;7,563;7,695;7,601;7,557;7,65;7,699;7,67;7,744;7,818;7,847;7,817;7,885;7,905;8,046;8,236;9,467;
Luxembourg;LUX;Nurses and midwives (per 1,000 people);SH.MED.NUMW.P3;;;;;;;;;;;;;;;;;;;;;;;;;;;;;;;;;;;;7,147;7,374;7,534;7,469;7,547;7,615;7,684;8;9,196;9,369;11,3;11,27;11,17;11,45;11,47;11,41;11,64;12,3;12,31;12,32;12,28;12,08;12,08;;;;;;
Latvia;LVA;Nurses and midwives (per 1,000 people);SH.MED.NUMW.P3;;;;;;;;;;;;;;;;;;;;;;;;;;;;;;;6,209;6,257;5,775;5,38;4,788;5,079;5,067;4,922;4,7;4,845;4,733;4,672;4,735;4,905;5,084;5,219;5,871;5,815;5,842;5,14;5,197;5,109;5,007;5,034;4,978;4,85;4,808;4,742;4,54;4,594;4,4;4,421;;
Macao SAR, China;MAC;Nurses and midwives (per 1,000 people);SH.MED.NUMW.P3;;;;;;;;;;;;;;;;;;;;;;;;;;;;;;;;;;;;;;;;;;;;;;;;;;;;;;3,124;3,294;3,705;3,737;3,754;3,785;;;;;
St. Martin (French part);MAF;Nurses and midwives (per 1,000 people);SH.MED.NUMW.P3;;;;;;;;;;;;;;;;;;;;;;;;;;;;;;;;;;;;;;;;;;;;;;;;;;;;;;;;;;;;;;;;
Morocco;MAR;Nurses and midwives (per 1,000 people);SH.MED.NUMW.P3;;;;;;;;;;;;;;;;;;;;;;;;;;;;;;;;;;;;;;;;;;;;;0,81;;;;;0,927;;;;0,97;0,942;;;1,391;;;;;;
Monaco;MCO;Nurses and midwives (per 1,000 people);SH.MED.NUMW.P3;;;;;;;;;;;;;;;;;;;;;;;;;;;;;;;;;14,94;;;14,73;;;;;;;;;;;;;;;;17,99;18,93;19,6;20,83;;;;;;;;;
Moldova;MDA;Nurses and midwives (per 1,000 people);SH.MED.NUMW.P3;;;;;;;;;;;;;;;;;;;;;;;;;;;;;;;10,78;10,92;10,88;10,88;10,65;10,13;9,806;10,16;9,826;8,558;5,6;5,517;5,582;5,491;5,337;5,87;5,906;6,016;6,064;6,148;6,275;6,405;6,514;6,544;6,481;6,215;6,654;6,285;6,171;5,114;6,118;;;
Madagascar;MDG;Nurses and midwives (per 1,000 people);SH.MED.NUMW.P3;;;;;;;;;;;;;;;;;;;;;;;;;;;;;;;;;;;;;;;;;;;0,305;0,296;0,278;0,342;0,295;0,287;0,274;0,237;0,217;0,212;0,212;0,29;;;;;0,292;;;;;
Maldives;MDV;Nurses and midwives (per 1,000 people);SH.MED.NUMW.P3;;;;;;;;;;;;;;;;;;;;;;;;;;;;;;;;0,646;;0,765;;;1,369;;;;;;;;2,933;;;4,734;;5,289;5,166;;;;5,606;6,864;2,501;3,512;6,09;5,061;4,897;;;
Middle East & North Africa;MEA;Nurses and midwives (per 1,000 people);SH.MED.NUMW.P3;;;;;;;;;;;;;;;;;;;;;;;;;;;;;;;;;;;;;;;;;;;;;;;;;;;;;;;;;;;;;;2,252931433;;
Mexico;MEX;Nurses and midwives (per 1,000 people);SH.MED.NUMW.P3;;;;;;;;;;;;;;;;;;;;;;;;;;;;;;;1,802;1,943;2,039;2,081;2,136;2,174;2,164;2,14;2,169;2,218;3,161;2,247;2,24;2,151;2,124;2,217;2,236;2,302;2,33;2,393;2,445;2,543;2,582;2,841;2,716;2,794;2,898;2,896;2,903;2,88;2,956;2,991;;
Marshall Islands;MHL;Nurses and midwives (per 1,000 people);SH.MED.NUMW.P3;;;;;;;;;;;;;;;;;;;;;;;;;;;;;;;;;;;;;;;;;2,98;;;;;;;3,482;;;2,378;3,679;3,582;;;;;;4,239;;;;;
Middle income;MIC;Nurses and midwives (per 1,000 people);SH.MED.NUMW.P3;;;;;;;;;;;;;;;;;;;;;;;;;;;;;;;0,934571152;;;;;;;;;;1,579020416;;;;;;;;;;;;;;;;;;;;;2,578234233;;
North Macedonia;MKD;Nurses and midwives (per 1,000 people);SH.MED.NUMW.P3;;;;;;;;;;;;;;;;;;;;;;;;;;;;;;;;;;;;;;;;;3,558;3,557;3,695;3,493;3,5;3,373;3,429;3,702;3,97;4,055;4,146;4,142;4,101;4,152;4,461;4,528;4,684;4,672;4,792;4,891;4,832;;;
Mali;MLI;Nurses and midwives (per 1,000 people);SH.MED.NUMW.P3;;;;;;;;;;;;;;;;;;;;;;;;;;;;;;;;;;;;;;;;;;;;;0,654;;;0,168;;0,43;0,432;0,356;0,365;;;;0,397;;0,422;;;;0,352;
Malta;MLT;Nurses and midwives (per 1,000 people);SH.MED.NUMW.P3;;;;;;;;;;;;;;;;;;;;;;;;;;;;;;;;;;;;;;;;;;3,662;5,392;5,392;5,528;5,717;5,863;6,164;6,732;6,527;6,777;6,967;6,913;7,202;8,071;7,948;8,373;8,305;8,159;8,217;8,508;;;
Myanmar;MMR;Nurses and midwives (per 1,000 people);SH.MED.NUMW.P3;;;;;;;;;;;;;;;;;;;;;;;;;;;;;;;;;;;;;;;;;;;;;;0,765;0,806;0,828;0,85;0,883;0,915;0,943;0,973;;;;1,057;;1,019;1,103;;;;
Middle East & North Africa (excluding high income);MNA;Nurses and midwives (per 1,000 people);SH.MED.NUMW.P3;;;;;;;;;;;;;;;;;;;;;;;;;;;;;;;;;;;;;;;;;;;;;;;;;;;;;;;;;;;;;;1,754592543;;
Montenegro;MNE;Nurses and midwives (per 1,000 people);SH.MED.NUMW.P3;;;;;;;;;;;;;;;;;;;;;;;;;;;;;;;;;;;;;;;;;;;;;;5,228;5,254;5,366;5,462;5,517;5,227;5,071;4,881;5,327;5,381;4,946;4,953;5,06;5,199;5,238;5,364;5,676;5,993;
Mongolia;MNG;Nurses and midwives (per 1,000 people);SH.MED.NUMW.P3;;;;;;;;;;;;;;;;;;;;;;;;;;;;;;;;;;;;;;;;;;;3,538;;;;;;3,647;3,632;3,654;3,697;3,826;3,854;4,077;4,14;4,102;4,164;4,222;;;;;
Northern Mariana Islands;MNP;Nurses and midwives (per 1,000 people);SH.MED.NUMW.P3;;;;;;;;;;;;;;;;;;;;;;;;;;;;;;;;;;;;;;;;;;;;;;;;;;;;;;;;;;;;;;;;
Mozambique;MOZ;Nurses and midwives (per 1,000 people);SH.MED.NUMW.P3;;;;;;;;;;;;;;;;;;;;;;;;;;;;;;;;;;;;;;;;0,282;0,286;0,281;0,301;0,3;0,33;0,335;0,344;0,369;0,396;0,403;0,412;0,4;0,412;0,424;0,422;0,45;0,483;0,482;0,482;0,474;0,486;0,568;0,512;
Mauritania;MRT;Nurses and midwives (per 1,000 people);SH.MED.NUMW.P3;;;;;;;;;;;;;;;;;;;;;;;;;;;;;;;;;;;;;;;;;;;;;0,642;;;;;0,693;0,82;;;;1,001;1,048;;1,099;1,109;1,209;1,182;1,605;1,656;
Mauritius;MUS;Nurses and midwives (per 1,000 people);SH.MED.NUMW.P3;;;;;;;;;;;;;;;;;;;;;;;;;;;;;;;;;;;;;;;;;;;;;3,682;;;2,597;2,665;2,735;2,805;2,853;2,9;3,07;3,193;3,295;3,195;3,433;3,849;;;;3,001;
Malawi;MWI;Nurses and midwives (per 1,000 people);SH.MED.NUMW.P3;;;;;;;;;;;;;;;;;;;;;;;;;;;;;;;;;;;;;;;;;;;;;0,585;;;;0,281;0,337;;;;0,224;;;0,295;;0,433;;0,7;;0,5;
Malaysia;MYS;Nurses and midwives (per 1,000 people);SH.MED.NUMW.P3;;;;;;;;;;;;;;;;;;;;;;;;;;;;;;;;;;;;;;;;;1,693;;1,797;;;;;;2,633;;3,141;3,326;3,738;3,82;3,91;4,076;4,084;4,108;4,169;3,394;;;;
North America;NAC;Nurses and midwives (per 1,000 people);SH.MED.NUMW.P3;;;;;;;;;;;;;;;;;;;;;;;;;;;;;;;10,66992738;;;;;;;;;;10,14106958;;;;;;;;;;10,73400561;;;;;;;;;;;11,71786553;;
Namibia;NAM;Nurses and midwives (per 1,000 people);SH.MED.NUMW.P3;;;;;;;;;;;;;;;;;;;;;;;;;;;;;;;;;;;;;;;;;;;;;3,169;;;2,859;;;;;;1,864;1,878;1,912;2,073;2,052;2,208;2,415;2,589;2,835;3,355;
New Caledonia;NCL;Nurses and midwives (per 1,000 people);SH.MED.NUMW.P3;;;;;;;;;;;;;;;;;;;;;;;;;;;;;;;;;;;;;;;;;;;;;;;;;;;;;;;;;;;;;;;;
Niger;NER;Nurses and midwives (per 1,000 people);SH.MED.NUMW.P3;;;;;;;;;;;;;;;;;;;;;;;;;;;;;;;;;;;;;;;;;;;;;0,211;;;;0,137;0,202;;;;0,221;0,305;0,203;0,268;;0,222;;;;0,202;
Nigeria;NGA;Nurses and midwives (per 1,000 people);SH.MED.NUMW.P3;;;;;;;;;;;;;;;;;;;;;;;;;;;;;;;;;;;;;;;;;;;;1,58;;1,519;1,485;1,48;1,476;1,061;1,336;;;1,008;;;1,73;;0,914;1,483;;1,564;1,682;
Nicaragua;NIC;Nurses and midwives (per 1,000 people);SH.MED.NUMW.P3;;;;;;;;;;;;;;;;;;;;;;;;;;;;;;;;;;;;;;;;;;;;1,101;;1,154;1,155;1,179;1,287;1,297;1,258;1,357;1,359;1,347;1,341;1,35;1,447;1,53;;;;;;
Netherlands;NLD;Nurses and midwives (per 1,000 people);SH.MED.NUMW.P3;;;;;;;;;;;;;;;;;;;;;;;;;;;;;;;;;;;;;;;;10,25;10,41;10,75;11,05;11,31;11,41;11,54;11,56;11,53;11,81;11,82;11,92;12,07;12,28;12,39;10,49;10,68;10,84;11,13;11,37;11;11,34;11,66;;
Norway;NOR;Nurses and midwives (per 1,000 people);SH.MED.NUMW.P3;;;;;;;;;;;;;;;;;;;;;;;;;;;;;;;;;;;;;;;;;;;14,22;14,67;15,08;15,51;15,84;15,98;16,1;16,45;16,65;16,94;17,07;17,21;17,44;17,87;18,03;18,22;18,3;18,43;18,56;18,89;;
Nepal;NPL;Nurses and midwives (per 1,000 people);SH.MED.NUMW.P3;;;;;;;;;;;;;;;;;;;;;;;;;;;;;;;;;;;;;;;;;;;;;0,455;;;;;;;;1,578;1,841;2,094;;;2,792;3,064;3,279;3,318;3,489;;
Nauru;NRU;Nurses and midwives (per 1,000 people);SH.MED.NUMW.P3;;;;;;;;;;;;;;;;;;;;;;;;;;;;;;;;;;;;5,825;;;;;;;;;6,117;;;;6,765;;;6,796;;;;6,25;;;7,059;;;;;
New Zealand;NZL;Nurses and midwives (per 1,000 people);SH.MED.NUMW.P3;;;;;;;;;;;;;;;;;;;;;;;;;;;;;;;9,2;9,317;8,793;9,354;9,576;9,723;9,737;9,009;9,649;9,592;9,591;10,14;9,395;9,083;9,429;9,713;9,401;9,8;10,33;10,3;10,63;10,71;10,59;10,58;10,66;10,83;10,89;10,83;10,9;10,84;11,22;11,43;11,74;
OECD members;OED;Nurses and midwives (per 1,000 people);SH.MED.NUMW.P3;;;;;;;;;;;;;;;;;;;;;;;;;;;;;;;;;;;;;;;;;7,198431153;;;;;;;;;;7,798152143;;;;;;;;;;;9,13843655;;
Oman;OMN;Nurses and midwives (per 1,000 people);SH.MED.NUMW.P3;;;;;;;;;;;;;;;;;;;;;;;;;;;;;;;2,298;;;;;2,778;;2,579;2,792;2,784;3,34;;;;3,543;3,688;3,755;3,989;4,237;4,486;4,464;4,44;4,42;4,436;4,688;4,612;4,493;4,39;4,405;4,415;4,426;4,507;4,817;
Other small states;OSS;Nurses and midwives (per 1,000 people);SH.MED.NUMW.P3;;;;;;;;;;;;;;;;;;;;;;;;;;;;;;;;;;;;;;;;;;;;;;;;;;;3,792891993;;;;;;;;;;;4,13813253;;
Pakistan;PAK;Nurses and midwives (per 1,000 people);SH.MED.NUMW.P3;;;;;;;;;;;;;;;;;;;;;;;;;;;;;;;;;0,303;0,31;0,319;0,319;0,338;0,357;0,378;0,39;0,389;0,394;;;0,421;;;;0,489;0,503;0,516;0,391;0,406;0,492;0,434;0,449;0,465;0,575;0,925;0,469;;;;
Panama;PAN;Nurses and midwives (per 1,000 people);SH.MED.NUMW.P3;;;;;;;;;;;;;;;;;;;;;;;;;;;;;;;1,004;0,982;0,972;1,015;1,034;1,053;1,088;1,115;1,104;1,153;;1,859;1,934;2,217;2,007;2,019;2,017;;;;2,49;2,326;;2,941;2,959;2,77;2,994;3,095;3,083;3,216;3,539;3,753;;
Peru;PER;Nurses and midwives (per 1,000 people);SH.MED.NUMW.P3;;;;;;;;;;;;;;;;;;;;;;;;;;;;;;;;;;;;;;;;0,652;;;;;;;;3,553;;1,299;;;1,513;2,193;2,064;2,05;2,162;2,202;2,957;;;2,613;2,655;
Philippines;PHL;Nurses and midwives (per 1,000 people);SH.MED.NUMW.P3;;;;;;;;;;;;;;;;;;;;;;;;;;;;;;;;;;;;;;;;;4,318;4,301;4,272;4,242;4,244;4,279;4,404;4,646;5,102;5,615;;;4,15;4,343;4,479;4,628;4,7;4,732;4,774;4,808;4,776;4,755;;
Palau;PLW;Nurses and midwives (per 1,000 people);SH.MED.NUMW.P3;;;;;;;;;;;;;;;;;;;;;;;;;;;;;;;;;;;;;;;5,979;;;;;;6,03;;6,02;;;5,957;6,432;;;;6,236;;;;7,263;;6,5;;;
Papua New Guinea;PNG;Nurses and midwives (per 1,000 people);SH.MED.NUMW.P3;;;;;;;;;;;;;;;;;;;;;;;;;;;;;;;;;;;;;;;;;0,516;;;;;;;;0,398;;0,48;;;;;;;;0,501;0,417;;0,511;;
Poland;POL;Nurses and midwives (per 1,000 people);SH.MED.NUMW.P3;;;;;;;;;;;;;;;;;;;;;;;;;;;;;;;6,089;5,968;5,941;5,941;6,068;6,147;6,248;6,303;6,19;5,732;5,496;5,389;5,373;5,241;5,448;5,579;5,585;5,693;5,715;5,775;5,788;5,789;;5,787;5,743;5,702;5,676;5,617;5,603;6,282;6,208;6,341;;
Pre-demographic dividend;PRE;Nurses and midwives (per 1,000 people);SH.MED.NUMW.P3;;;;;;;;;;;;;;;;;;;;;;;;;;;;;;;;;;;;;;;;;;;;;;;;;;;0,768062228;;;;;;;;;;;1,121378167;;
Puerto Rico;PRI;Nurses and midwives (per 1,000 people);SH.MED.NUMW.P3;;;;;;;;;;;;;;;;;;;;;;;;;;;;;;;;;;;;;;;;;;;;;;;;;;;;;;;;;;;;;;;;
Korea, Dem. People's Rep.;PRK;Nurses and midwives (per 1,000 people);SH.MED.NUMW.P3;;;;;;;;;;;;;;;;;;;;;;;;;;;;;;;;;;;;;;;;;;;;3,928;;;;;4,118;;;;;;;;;4,434;;;;;;
Portugal;PRT;Nurses and midwives (per 1,000 people);SH.MED.NUMW.P3;;;;;;;;;;;;;;;;;;;;;;;;;;;;;;;;;;;;;;;;;;;4,007;4,187;4,36;4,576;4,833;5,118;5,36;5,627;5,896;6,103;6,216;6,289;6,374;6,534;6,725;6,944;7,158;7,344;7,552;7,789;;
Paraguay;PRY;Nurses and midwives (per 1,000 people);SH.MED.NUMW.P3;;;;;;;;;;;;;;;;;;;;;;;;;;;;;;;;;;;;;;;;;;;1,941;;;;;;;;;;1,129;0,613;0,666;0,722;0,761;0,798;1,793;;;;;
West Bank and Gaza;PSE;Nurses and midwives (per 1,000 people);SH.MED.NUMW.P3;;;;;;;;;;;;;;;;;;;;;;;;;;;;;;;;;;;;;;;;;;;;;;;;;;;;;;;;;;2,573;1,953;;;;;
Pacific island small states;PSS;Nurses and midwives (per 1,000 people);SH.MED.NUMW.P3;;;;;;;;;;;;;;;;;;;;;;;;;;;;;;;;;;;;;;;;;1,957351912;;;;;;;;;;2,251902289;;;;;;;;;;;2,966191171;;
Post-demographic dividend;PST;Nurses and midwives (per 1,000 people);SH.MED.NUMW.P3;;;;;;;;;;;;;;;;;;;;;;;;;;;;;;;;;;;;;;;;;8,221087352;;;;;;;;;;9,218208256;;;;;;;;;;;10,82697232;;
French Polynesia;PYF;Nurses and midwives (per 1,000 people);SH.MED.NUMW.P3;;;;;;;;;;;;;;;;;;;;;;;;;;;;;;;;;;;;;;;;;;;;;;;;;;;;;;;;;;;;;;;;
Qatar;QAT;Nurses and midwives (per 1,000 people);SH.MED.NUMW.P3;;;;;;;;;;;;;;;;;;;;;;;;;;;;;;;;;;;;;;;;;;4,936;;;;5,75;6,093;;5,835;4,717;6,195;;;;6,219;;5,068;6,072;7,236;;;;;
Romania;ROU;Nurses and midwives (per 1,000 people);SH.MED.NUMW.P3;;;;;;;;;;;;;;;;;;;;;;;;;;;;;;;;;;;;;;;;;5,425;5,504;5,699;5,603;5,7;5,85;6,053;6,112;6,02;6,178;5,75;5,842;5,963;6,156;6,306;6,548;6,796;7,1;7,337;7,638;7,815;8,073;;
Russian Federation;RUS;Nurses and midwives (per 1,000 people);SH.MED.NUMW.P3;;;;;;;;;;;;;;;;;;;;;;;;;;;;;;;6,713;6,256;6,324;6,396;6,695;6,754;6,602;6,575;6,479;6,504;7,405;7,44;7,604;7,66;7,705;7,726;7,86;7,857;7,704;7,736;7,684;9,167;8,902;9,169;9,303;8,986;8,921;8,906;8,879;8,887;6,242;;;
Rwanda;RWA;Nurses and midwives (per 1,000 people);SH.MED.NUMW.P3;;;;;;;;;;;;;;;;;;;;;;;;;;;;;;;;;;;;;;;;;;;;;0,413;0,448;;;0,67;0,661;;0,64;;;0,908;0,965;1,035;;1,182;0,933;;;;
South Asia;SAS;Nurses and midwives (per 1,000 people);SH.MED.NUMW.P3;;;;;;;;;;;;;;;;;;;;;;;;;;;;;;;0,37356073;;;;;;;;;;1,065300653;;;;;;;;;;;;;;;;;;;;;1,482505471;;
Saudi Arabia;SAU;Nurses and midwives (per 1,000 people);SH.MED.NUMW.P3;;;;;;;;;;;;;;;;;;;;;;;;;;;;;;;;;;;;;;;;;1,694;;;;;;;;3,692;3,892;4,413;4,465;4,533;;5,006;;5,505;4,259;5,271;5,555;5,464;5,605;5,509;
Sudan;SDN;Nurses and midwives (per 1,000 people);SH.MED.NUMW.P3;;;;;;;;;;;;;;;;;;;;;;;;;;;;;;;;;;;;;;;;;;;;;1,092;;1,1;1,042;1,012;;;;;;1,231;0,84;;;1,14;;;;;
Senegal;SEN;Nurses and midwives (per 1,000 people);SH.MED.NUMW.P3;;;;;;;;;;;;;;;;;;;;;;;;;;;;;;;;;;;;;;;;;;;;;0,307;;;;0,443;;;;;;;0,195;0,305;0,318;;0,55;0,357;0,546;0,435;
Singapore;SGP;Nurses and midwives (per 1,000 people);SH.MED.NUMW.P3;;;;;;;;;;;;;;;;;;;;;;;;;;;;;;;;;;;;;;;;4,02;;4,222;;;4,526;4,642;4,664;4,789;5,004;5,347;5,682;5,105;5,466;5,548;5,699;5,948;6,105;6,182;;;;;;
Solomon Islands;SLB;Nurses and midwives (per 1,000 people);SH.MED.NUMW.P3;;;;;;;;;;;;;;;;;;;;;;;;;;;;;;;;;;;;;;;;0,861;;;;1,366;;1,438;;;;2,046;;1,746;1,701;1,956;;;;;2,144;;;;;
Sierra Leone;SLE;Nurses and midwives (per 1,000 people);SH.MED.NUMW.P3;;;;;;;;;;;;;;;;;;;;;;;;;;;;;;;;;;;;;;;;;;;;;0,219;;;;0,145;;0,143;0,265;;1,191;0,937;0,803;0,73;0,779;0,732;0,831;0,204;;1,119;
El Salvador;SLV;Nurses and midwives (per 1,000 people);SH.MED.NUMW.P3;;;;;;;;;;;;;;;;;;;;;;;;;;;;;;;;;;;;;;;;0,6755;;;0,859;;;0,3457;;1,382;;;;;;1,798;1,783;1,785;1,834;1,899;1,877;;;2,635;2,16;
San Marino;SMR;Nurses and midwives (per 1,000 people);SH.MED.NUMW.P3;;;;;;;;;;;;;;;;;;;;;;;;;;;;;;;;;;;;;;;;;;;;;;;;;;;;8,123;8,58;8,529;8,084;;;;;;;;;
Somalia;SOM;Nurses and midwives (per 1,000 people);SH.MED.NUMW.P3;;;;;;;;;;;;;;;;;;;;;;;;;;;;;;;;;;;;;;0,191;;;;;;;;;0,09;;;;;;;;0,113;;;;;;;;;
Serbia;SRB;Nurses and midwives (per 1,000 people);SH.MED.NUMW.P3;;;;;;;;;;;;;;;;;;;;;;;;;;;;;;;;;;;;;;;;;;;;;;;;;;;;6,024;5,995;6,006;5,945;6,006;5,98;6,055;6,132;;5,933;;;
Sub-Saharan Africa (excluding high income);SSA;Nurses and midwives (per 1,000 people);SH.MED.NUMW.P3;;;;;;;;;;;;;;;;;;;;;;;;;;;;;;;;;;;;;;;;;;;;;;;;;;;0,746571129;;;;;;;;;;;1,150270854;;
South Sudan;SSD;Nurses and midwives (per 1,000 people);SH.MED.NUMW.P3;;;;;;;;;;;;;;;;;;;;;;;;;;;;;;;;;;;;;;;;;;;;;;;;;;;;;;;;;;;0,358;0,583;0,712;;;
Sub-Saharan Africa;SSF;Nurses and midwives (per 1,000 people);SH.MED.NUMW.P3;;;;;;;;;;;;;;;;;;;;;;;;;;;;;;;;;;;;;;;;;;;;;;;;;;;0,746961823;;;;;;;;;;;1,150785205;;
Small states;SST;Nurses and midwives (per 1,000 people);SH.MED.NUMW.P3;;;;;;;;;;;;;;;;;;;;;;;;;;;;;;;;;;;;;;;;;3,444077507;;;;;;;;;;3,323196837;;;;;;;;;;;3,910880883;;
Sao Tome and Principe;STP;Nurses and midwives (per 1,000 people);SH.MED.NUMW.P3;;;;;;;;;;;;;;;;;;;;;;;;;;;;;;;;;;;;;;;;;;;;;1,953;;;;;;;;;;;2,198;;;1,921;2,153;;;;
Suriname;SUR;Nurses and midwives (per 1,000 people);SH.MED.NUMW.P3;;;;;;;;;;;;;;;;;;;;;;;;;;;;;;;;;;;;;;;;;1,436;;;;5,053;;;;;2,967;;;;2,229;1,977;2,028;1,899;1,872;2,675;3,803;;2,954;;
Slovak Republic;SVK;Nurses and midwives (per 1,000 people);SH.MED.NUMW.P3;;;;;;;;;;;;;;;;;;;;;;;;;;;;;;;;;;;;;;;7,422;7,261;7,454;7,267;7,135;6,804;6,651;6,331;6,345;6,638;6,604;6,398;6,415;6,271;6,146;6,077;6,082;6,022;6,079;5,969;6,023;6,058;6,117;6,043;;
Slovenia;SVN;Nurses and midwives (per 1,000 people);SH.MED.NUMW.P3;;;;;;;;;;;;;;;;;;;;;;;;;;;;;;;5,422;6,029;6,025;5,894;5,97;6,381;6,556;6,691;6,726;6,863;6,87;7,16;7,199;7,392;7,423;7,49;7,609;7,74;7,871;8,047;8,201;8,334;8,172;8,327;8,574;8,783;9,624;9,87;10,1;10,29;10,54;10,59;;
Sweden;SWE;Nurses and midwives (per 1,000 people);SH.MED.NUMW.P3;;;;;;;;;;;;;;;;;;;;;;;;;;;;;;;13,34;13,71;14,13;14,52;14,92;10,07;10,05;9,96;10,15;10,26;10,32;10,48;10,69;10,8;11;11,18;11,33;11,46;11,5;11,53;11,61;11,62;11,65;11,66;11,65;11,67;11,67;11,67;11,66;11,64;11,41;;;
Eswatini;SWZ;Nurses and midwives (per 1,000 people);SH.MED.NUMW.P3;;;;;;;;;;;;;;;;;;;;;;;;;;;;;;;;;;;;;;;;;3,246;;;;6,407;;;;;;;;;3,34;3,417;3,507;3,676;3,848;4,056;;2,471;;3,182;
Sint Maarten (Dutch part);SXM;Nurses and midwives (per 1,000 people);SH.MED.NUMW.P3;;;;;;;;;;;;;;;;;;;;;;;;;;;;;;;;;;;;;;;;;;;;;;;;;;;;;;;;;;;;;;;;
Seychelles;SYC;Nurses and midwives (per 1,000 people);SH.MED.NUMW.P3;;;;;;;;;;;;;;;;;;;;;;;;;;;;;;;;;;;;;;;;;;;;;7,485;4,54;4,753;4,655;4,542;;4,459;;4,397;;;;7,692;;10,76;;;;7,274;
Syrian Arab Republic;SYR;Nurses and midwives (per 1,000 people);SH.MED.NUMW.P3;;;;;;;;;;;;;;;;;;;;;;;;;;;;;;;;;;;;;;2,235;2,334;1,919;1,967;;1,952;1,83;1,886;1,862;;1,815;1,773;1,791;1,793;;;;2,153;;1,419;;;;;;;
Turks and Caicos Islands;TCA;Nurses and midwives (per 1,000 people);SH.MED.NUMW.P3;;;;;;;;;;;;;;;;;;;;;;;;;;;;;;;;;;;;;;;;;;;;;;;;;;;;;;;;;;;;;;;;
Chad;TCD;Nurses and midwives (per 1,000 people);SH.MED.NUMW.P3;;;;;;;;;;;;;;;;;;;;;;;;;;;;;;;;;;;;;;0,048;0,057;0,06;0,126;;;;0,26;;0,182;;;;;;0,279;0,307;0,263;0,252;0,213;0,231;0,308;0,134;0,2;0,198;0,21;
East Asia & Pacific (IDA & IBRD countries);TEA;Nurses and midwives (per 1,000 people);SH.MED.NUMW.P3;;;;;;;;;;;;;;;;;;;;;;;;;;;;;;;0,810689891;;;;;;;;;;1,183372269;;;;;;;;;;1,758445459;;;;;;;;;;;3,453221391;;
Europe & Central Asia (IDA & IBRD countries);TEC;Nurses and midwives (per 1,000 people);SH.MED.NUMW.P3;;;;;;;;;;;;;;;;;;;;;;;;;;;;;;;;;;;;;;;;;6,140353276;;;;;;;;;;6,435572476;;;;;;;;;;;5,713685884;;
Togo;TGO;Nurses and midwives (per 1,000 people);SH.MED.NUMW.P3;;;;;;;;;;;;;;;;;;;;;;;;;;;;;;;;;;;;;;;;;;;;;0,348;;;0,409;0,292;;;;;;;0,296;0,311;0,412;0,402;0,455;0,497;0,397;0,508;
Thailand;THA;Nurses and midwives (per 1,000 people);SH.MED.NUMW.P3;;;;;;;;;;;;;;;;;;;;;;;;;;;;;;;;0,725;;0,808;;0,913;;0,924;1,032;1,089;;1,226;1,319;;1,481;;1,533;1,514;1,565;1,619;2,032;;;;;2,315;2,708;2,887;2,693;3,078;;;;
Tajikistan;TJK;Nurses and midwives (per 1,000 people);SH.MED.NUMW.P3;;;;;;;;;;;;;;;;;;;;;;;;;;;;;;;5,842;6,044;5,739;5,661;5,407;4,889;4,798;4,726;4,357;4,312;4,144;3,84;3,792;3,495;3,455;3,394;3,44;3,461;3,501;3,547;3,902;4,011;4,351;4,43;4,712;4,653;4,97;5,093;5,218;5,225;5,372;;;
Turkmenistan;TKM;Nurses and midwives (per 1,000 people);SH.MED.NUMW.P3;;;;;;;;;;;;;;;;;;;;;;;;;;;;;;;;;;;;;;;;;7,919;7,843;6,655;7,054;5,107;4,814;4,648;4,462;4,395;4,353;4,359;4,356;4,339;4,29;4,273;4,266;4,228;4,206;4,148;4,077;3,991;3,916;;
Latin America & the Caribbean (IDA & IBRD countries);TLA;Nurses and midwives (per 1,000 people);SH.MED.NUMW.P3;;;;;;;;;;;;;;;;;;;;;;;;;;;;;;;1,242550777;;;;;;;;;;2,437600767;;;;;;;;;;;;;;;;;;;;;3,650905519;;
Timor-Leste;TLS;Nurses and midwives (per 1,000 people);SH.MED.NUMW.P3;;;;;;;;;;;;;;;;;;;;;;;;;;;;;;;;;;;;;;;;;;;;;1,898;;;1,037;1,057;1,141;1,153;1,153;;0,906;1,39;1,47;;1,742;1,676;1,773;1,773;;;
Middle East & North Africa (IDA & IBRD countries);TMN;Nurses and midwives (per 1,000 people);SH.MED.NUMW.P3;;;;;;;;;;;;;;;;;;;;;;;;;;;;;;;;;;;;;;;;;;;;;;;;;;;;;;;;;;;;;;1,752261139;;
Tonga;TON;Nurses and midwives (per 1,000 people);SH.MED.NUMW.P3;;;;;;;;;;;;;;;;;;;;;;;;;;;;;;;;;;;;;;;;;;3,304;3,372;;;;;;3,405;3,529;3,724;;;3,81;;;;;3,916;4,314;4,558;4,179;;
South Asia (IDA & IBRD);TSA;Nurses and midwives (per 1,000 people);SH.MED.NUMW.P3;;;;;;;;;;;;;;;;;;;;;;;;;;;;;;;0,37356073;;;;;;;;;;1,065300653;;;;;;;;;;;;;;;;;;;;;1,482505471;;
Sub-Saharan Africa (IDA & IBRD countries);TSS;Nurses and midwives (per 1,000 people);SH.MED.NUMW.P3;;;;;;;;;;;;;;;;;;;;;;;;;;;;;;;;;;;;;;;;;;;;;;;;;;;0,746961823;;;;;;;;;;;1,150785205;;
Trinidad and Tobago;TTO;Nurses and midwives (per 1,000 people);SH.MED.NUMW.P3;;;;;;;;;;;;;;;;;;;;;;;;;;;;;;;;;;;;2,858;2,171;2,193;2,602;2,75;2,473;2,639;2,834;2,941;;;3,362;3,377;;3,273;2,769;3,084;;;;3,269;3,998;5,315;3,825;3,734;;;;
Tunisia;TUN;Nurses and midwives (per 1,000 people);SH.MED.NUMW.P3;;;;;;;;;;;;;;;;;;;;;;;;;;;;;;;;;;;;;;;;;;;;2,028;2,773;;;;2,122;2,101;2,188;;;;2,566;2,583;2,571;2,433;;2,082;2,042;2,123;;
Turkiye;TUR;Nurses and midwives (per 1,000 people);SH.MED.NUMW.P3;;;;;;;;;;;;;;;;;;;;;;;;;;;;;;;;;;1,577;1,576;1,715;1,681;1,721;1,744;1,737;1,734;1,757;1,726;1,737;1,755;1,772;1,826;2,013;2,069;2,14;2,256;2,385;2,502;2,52;2,5;2,585;2,535;2,679;2,981;3,044;3,403;3,425;;
Tuvalu;TUV;Nurses and midwives (per 1,000 people);SH.MED.NUMW.P3;;;;;;;;;;;;;;;;;;;;;;;;;;;;;;;;;;;;;;;;;;;4,063;5,155;;;;;6,214;;;;;;3,762;;;;4,495;;3,694;;;
Tanzania;TZA;Nurses and midwives (per 1,000 people);SH.MED.NUMW.P3;;;;;;;;;;;;;;;;;;;;;;;;;;;;;;;;;;;;;;;;;;;0,366;;;;0,233;;;;;;0,435;;0,424;;;0,568;0,55;;;;;
Uganda;UGA;Nurses and midwives (per 1,000 people);SH.MED.NUMW.P3;;;;;;;;;;;;;;;;;;;;;;;;;;;;;;;;;;;;;;;;;;;;;0,699;1,346;;;;;;;1,191;1,337;1,249;1,588;1,678;1,507;1,274;;1,686;;2,268;
Ukraine;UKR;Nurses and midwives (per 1,000 people);SH.MED.NUMW.P3;;;;;;;;;;;;;;;;;;;;;;;;;;;;;;;;;;;;;;;;;6,59;6,571;6,56;6,577;6,594;6,638;6,652;6,654;6,622;7,562;7,49;7,488;7,521;7,567;6,656;;;;;;;;;
Upper middle income;UMC;Nurses and midwives (per 1,000 people);SH.MED.NUMW.P3;;;;;;;;;;;;;;;;;;;;;;;;;;;;;;;1,09241315;;;;;;;;;;1,714442775;;;;;;;;;;1,99644109;;;;;;;;;;;3,56520909;;
Uruguay;URY;Nurses and midwives (per 1,000 people);SH.MED.NUMW.P3;;;;;;;;;;;;;;;;;;;;;;;;;;;;;;;;;;;;;;;;;;;0,871;;;;2,994;;5,874;;;;;;;;;;10,06;10,76;;7,206;7,317;
United States;USA;Nurses and midwives (per 1,000 people);SH.MED.NUMW.P3;;;;;;;;;;;;;;;;;;;;;;;;;;;;;;;10,62;10,88;10,93;11,06;11,27;7,964;11,32;11,17;11,24;10,37;10,16;10,16;10,17;10,06;10,26;10,37;10,47;10,53;10,71;10,74;10,88;11;11,05;11,03;11,1;11,22;11,53;14,37;15,45;13,16;12,47;13,15;11,88;
Uzbekistan;UZB;Nurses and midwives (per 1,000 people);SH.MED.NUMW.P3;;;;;;;;;;;;;;;;;;;;;;;;;;;;;;;11,37;11,77;11,8;11,76;10,21;10,48;10,89;10,98;10,82;10,84;10,83;10,82;10,78;10,71;10,63;10,92;10,74;10,83;11,09;11,13;11,34;11,39;11,38;11,31;11,27;;;;5,708;5,515;5,756;;;
St. Vincent and the Grenadines;VCT;Nurses and midwives (per 1,000 people);SH.MED.NUMW.P3;;;;;;;;;;;;;;;;;;;;;;;;;;;;;;;;;;;;;;2,415;;;3,928;4,19;;;4,476;;;;;;2,58;;;9,116;9,205;9,737;8,689;6,569;7,341;;;;;
Venezuela, RB;VEN;Nurses and midwives (per 1,000 people);SH.MED.NUMW.P3;;;;;;;;;;;;;;;;;;;;;;;;;;;;;;;;;;;;;;0,652;;;;1,125;;;;;;;;;;;;;;;;1,934;2,001;;;;;
British Virgin Islands;VGB;Nurses and midwives (per 1,000 people);SH.MED.NUMW.P3;;;;;;;;;;;;;;;;;;;;;;;;;;;;;;;;;;;;;;;;;;;;;;;;;;;;;;;;8,163;9,158;9,369;9,109;;;;;
Virgin Islands (U.S.);VIR;Nurses and midwives (per 1,000 people);SH.MED.NUMW.P3;;;;;;;;;;;;;;;;;;;;;;;;;;;;;;;;;;;;;;;;;;;;;;;;;;;;;;;;;;;;;;;;
Viet Nam;VNM;Nurses and midwives (per 1,000 people);SH.MED.NUMW.P3;;;;;;;;;;;;;;;;;;;;;;;;;;;;;;;;;;;;;;;;;;0,742;0,767;;;0,838;0,887;0,957;1,028;1,116;1,241;;1,461;;1,437;1,43;1,454;;;;;;;
Vanuatu;VUT;Nurses and midwives (per 1,000 people);SH.MED.NUMW.P3;;;;;;;;;;;;;;;;;;;;;;;;;;;;;;;;;;;;;;2,392;;;;;;;1,695;;;1,507;1,624;;;;1,784;;;;;;1,403;1,4;;;;
World;WLD;Nurses and midwives (per 1,000 people);SH.MED.NUMW.P3;;;;;;;;;;;;;;;;;;;;;;;;;;;;;;;;;;;;;;;;;3,119657626;;;;;;;;;;3,464170822;;;;;;;;;;;3,6971307;;
Samoa;WSM;Nurses and midwives (per 1,000 people);SH.MED.NUMW.P3;;;;;;;;;;;;;;;;;;;;;;;;;;;;;;;;;;;;;;;;1,916;;;;1,654;;;;;1,814;;1,469;;1,706;;1,769;;;;2,327;3,2;3,015;;;
Kosovo;XKX;Nurses and midwives (per 1,000 people);SH.MED.NUMW.P3;;;;;;;;;;;;;;;;;;;;;;;;;;;;;;;;;;;;;;;;;;;;;;;;;;;;;;;;;;;;;;;;
Yemen, Rep.;YEM;Nurses and midwives (per 1,000 people);SH.MED.NUMW.P3;;;;;;;;;;;;;;;;;;;;;;;;;;;;;;;;;;;;;;0,387;;;;;;;0,663;;;;;;0,671;;;0,806;0,818;0,673;0,695;0,712;0,727;;;;;
South Africa;ZAF;Nurses and midwives (per 1,000 people);SH.MED.NUMW.P3;;;;;;;;;;;;;;;;;;;;;;;;;;;;;;;;;;;;;;;0,714;0,71;0,692;0,68;0,682;0,698;0,726;0,757;0,794;0,812;0,864;0,94;1,011;1,057;1,105;;;;;;1,23;1,113;1,038;;;
Zambia;ZMB;Nurses and midwives (per 1,000 people);SH.MED.NUMW.P3;;;;;;;;;;;;;;;;;;;;;;;;;;;;;;;;;;;;;;;;;;;;;;0,724;0,699;;0,707;0,713;0,72;;;;;;;0,907;1,283;1,429;1,637;1,864;2,147;
Zimbabwe;ZWE;Nurses and midwives (per 1,000 people);SH.MED.NUMW.P3;;;;;;;;;;;;;;;;;;;;;;;;;;;;;;;1,5;;;;;1,585;;;;;;;;;;;;;;0,938;0,82;1,307;1,171;1,381;1,507;1,349;1,359;2,507;1,852;;2,029;;2,143;
